[
    {
        "type":"timer",
        "time":5000,"shift":10,
        "cmd":"say timer!"
    },

    {
        "type":"join",
        "cmd":"sched 10 %name% \"say §b $name$ joined this server\""
    },

    {
        "type":"form",
        "text":"this is main menu",
        "title":"Main menu",
        "name":"root",
        "buttons":[
            ["kill me","money rd %name% 10","kill %name%"],
            ["open submenu","","execute %name% ~ ~ ~ c sub1"],
            ["buy sth","money rd %name% 10","give %name% dirt 10"],
            ["sell dirt","clear %name% dirt 0 9,clear %name% dirt 0 1","money add %name% 1,tell %name% dirt is cheapppp"],   
            ["magic","money rd %name% 10","!money add %name% 1;money add %name% 20"]]
    }, 

    {
        "type":"form",   
        "text":"sub menu",
        "title":"sub",
        "name":"sub1",
        "buttons":[["me","","say %name% 114514"],["back","","execute %name% ~ ~ ~ c root"]]
    },
    
    {
        "type":"menuitem",
        "itemid":347
    }  
]

